{
	"class_name" : "PinholeCameraParameters",
	"extrinsic" : 
	[
		-0.99244508976142631,
		0.12154152998969224,
		0.016745157395477109,
		0.0,
		0.00022478201860507904,
		0.13828492591082953,
		-0.99039246197599895,
		0.0,
		-0.12268941796861974,
		-0.98290637181452911,
		-0.13726751605868079,
		0.0,
		0.12022102956850905,
		0.96313127851999247,
		0.81325344896524698,
		1.0
	],
	"intrinsic" : 
	{
		"height" : 1055,
		"intrinsic_matrix" : 
		[
			913.65680099258282,
			0.0,
			0.0,
			0.0,
			913.65680099258282,
			0.0,
			959.5,
			527.0,
			1.0
		],
		"width" : 1920
	},
	"version_major" : 1,
	"version_minor" : 0
}