{
	"class_name" : "PinholeCameraParameters",
	"extrinsic" : 
	[
		-0.89814444146639361,
		0.14401520286917255,
		0.41544696846357071,
		0.0,
		-0.39529974276539975,
		0.14928786069466538,
		-0.90633947724835373,
		0.0,
		-0.19254785283827205,
		-0.97824984333848042,
		-0.077152889612832232,
		0.0,
		0.1886739825870189,
		0.95856843474035347,
		0.75434826868886251,
		1.0
	],
	"intrinsic" : 
	{
		"height" : 1055,
		"intrinsic_matrix" : 
		[
			913.65680099258282,
			0.0,
			0.0,
			0.0,
			913.65680099258282,
			0.0,
			959.5,
			527.0,
			1.0
		],
		"width" : 1920
	},
	"version_major" : 1,
	"version_minor" : 0
}