{
	"class_name" : "PinholeCameraParameters",
	"extrinsic" : 
	[
		-0.96043701809005677,
		-0.089459328633897564,
		0.26373805717539595,
		0.0,
		-0.26415533701006766,
		-0.0073570414249716854,
		-0.96445208894510093,
		0.0,
		0.088219568188569727,
		-0.99596330377270614,
		-0.016565184175816774,
		0.0,
		-0.16239728173251938,
		0.92101606059886532,
		2.8929909120516926,
		1.0
	],
	"intrinsic" : 
	{
		"height" : 1055,
		"intrinsic_matrix" : 
		[
			913.65680099258282,
			0.0,
			0.0,
			0.0,
			913.65680099258282,
			0.0,
			959.5,
			527.0,
			1.0
		],
		"width" : 1920
	},
	"version_major" : 1,
	"version_minor" : 0
}