{
	"class_name" : "PinholeCameraParameters",
	"extrinsic" : 
	[
		0.63065051838304653,
		-0.026000357623729521,
		0.77563129453796098,
		0.0,
		-0.7728914836177122,
		-0.11136147850443211,
		0.62468982355767466,
		0.0,
		0.070133288917649958,
		-0.99343978303103264,
		-0.090325629125118004,
		0.0,
		-0.068722277277915689,
		0.97345276803623115,
		0.73493467070908391,
		1.0
	],
	"intrinsic" : 
	{
		"height" : 1055,
		"intrinsic_matrix" : 
		[
			913.65680099258282,
			0.0,
			0.0,
			0.0,
			913.65680099258282,
			0.0,
			959.5,
			527.0,
			1.0
		],
		"width" : 1920
	},
	"version_major" : 1,
	"version_minor" : 0
}