{
	"class_name" : "PinholeCameraParameters",
	"extrinsic" : 
	[
		0.71300376493775641,
		0.12784704372314357,
		-0.68940609556040156,
		0.0,
		-0.088306813626841618,
		-0.95903353184803819,
		-0.26917762064880535,
		0.0,
		-0.69557712573923758,
		0.25280391255344625,
		-0.67250475384640263,
		0.0,
		1.036918561697967,
		-0.59313612479850653,
		1.6333913438215952,
		1.0
	],
	"intrinsic" : 
	{
		"height" : 1055,
		"intrinsic_matrix" : 
		[
			913.65680099258282,
			0.0,
			0.0,
			0.0,
			913.65680099258282,
			0.0,
			959.5,
			527.0,
			1.0
		],
		"width" : 1920
	},
	"version_major" : 1,
	"version_minor" : 0
}