{
	"class_name" : "PinholeCameraParameters",
	"extrinsic" : 
	[
		-0.96068940871907649,
		0.25961909969455349,
		-0.098355391559287728,
		0.0,
		0.14528198872647308,
		0.16823129391512534,
		-0.97498275651383892,
		0.0,
		-0.23657769067828915,
		-0.95094487475427947,
		-0.19933600139436813,
		0.0,
		0.23136755568780637,
		0.93017250181357825,
		0.81134110639113155,
		1.0
	],
	"intrinsic" : 
	{
		"height" : 1055,
		"intrinsic_matrix" : 
		[
			913.65680099258282,
			0.0,
			0.0,
			0.0,
			913.65680099258282,
			0.0,
			959.5,
			527.0,
			1.0
		],
		"width" : 1920
	},
	"version_major" : 1,
	"version_minor" : 0
}