{
	"class_name" : "PinholeCameraParameters",
	"extrinsic" : 
	[
		-0.99469001983505256,
		-0.056124805856431439,
		0.086265697748993647,
		0.0,
		-0.080552504177599377,
		-0.097129466155187624,
		-0.99200663348342899,
		0.0,
		0.064055120882414121,
		-0.993688015914445,
		0.092092716958254495,
		0.0,
		-0.062614251954188085,
		0.9721179823599726,
		0.5595493101834863,
		1.0
	],
	"intrinsic" : 
	{
		"height" : 1055,
		"intrinsic_matrix" : 
		[
			913.65680099258282,
			0.0,
			0.0,
			0.0,
			913.65680099258282,
			0.0,
			959.5,
			527.0,
			1.0
		],
		"width" : 1920
	},
	"version_major" : 1,
	"version_minor" : 0
}