{
	"class_name" : "PinholeCameraParameters",
	"extrinsic" : 
	[
		-0.90974813636570828,
		0.21664489009708865,
		0.3541515494445015,
		0.0,
		-0.36730316032397298,
		-0.022396404332802308,
		-0.92983159200415622,
		0.0,
		-0.1935115417620939,
		-0.9759935413043378,
		0.09994943990376022,
		0.0,
		0.18961828305338235,
		0.95635752724683598,
		0.59696971851272296,
		1.0
	],
	"intrinsic" : 
	{
		"height" : 1055,
		"intrinsic_matrix" : 
		[
			913.65680099258282,
			0.0,
			0.0,
			0.0,
			913.65680099258282,
			0.0,
			959.5,
			527.0,
			1.0
		],
		"width" : 1920
	},
	"version_major" : 1,
	"version_minor" : 0
}