{
	"class_name" : "PinholeCameraParameters",
	"extrinsic" : 
	[
		-0.98690500905748046,
		0.16058055693302734,
		0.015244272115559562,
		0.0,
		-0.020614144604576251,
		-0.031827605174713842,
		-0.99928077165082296,
		0.0,
		-0.15997987417008455,
		-0.98650944662680307,
		0.034721053794529687,
		0.0,
		0.15676123908165662,
		0.96666186307011848,
		0.59624314443018822,
		1.0
	],
	"intrinsic" : 
	{
		"height" : 1055,
		"intrinsic_matrix" : 
		[
			913.65680099258282,
			0.0,
			0.0,
			0.0,
			913.65680099258282,
			0.0,
			959.5,
			527.0,
			1.0
		],
		"width" : 1920
	},
	"version_major" : 1,
	"version_minor" : 0
}