{
	"class_name" : "PinholeCameraParameters",
	"extrinsic" : 
	[
		-0.98419944678479288,
		0.13971577403017266,
		0.10877017714271449,
		0.0,
		-0.086936583427520114,
		0.15385109663006866,
		-0.9842620944279401,
		0.0,
		-0.15425135140561197,
		-0.97816631640681395,
		-0.13927375214543261,
		0.0,
		0.15114796846668244,
		0.95848658828702527,
		0.83137997916107786,
		1.0
	],
	"intrinsic" : 
	{
		"height" : 1055,
		"intrinsic_matrix" : 
		[
			913.65680099258282,
			0.0,
			0.0,
			0.0,
			913.65680099258282,
			0.0,
			959.5,
			527.0,
			1.0
		],
		"width" : 1920
	},
	"version_major" : 1,
	"version_minor" : 0
}