{
	"class_name" : "PinholeCameraParameters",
	"extrinsic" : 
	[
		-0.94621346586427346,
		0.1174925444372559,
		0.30145576627223275,
		0.0,
		-0.29024167236135356,
		0.10347224057815502,
		-0.95134287565242281,
		0.0,
		-0.14296799866405163,
		-0.98766846534218966,
		-0.063805594790738149,
		0.0,
		0.14009162549892959,
		0.96779756348797008,
		0.69278753537256921,
		1.0
	],
	"intrinsic" : 
	{
		"height" : 1055,
		"intrinsic_matrix" : 
		[
			913.65680099258282,
			0.0,
			0.0,
			0.0,
			913.65680099258282,
			0.0,
			959.5,
			527.0,
			1.0
		],
		"width" : 1920
	},
	"version_major" : 1,
	"version_minor" : 0
}