{
	"class_name" : "PinholeCameraParameters",
	"extrinsic" : 
	[
		0.99801611535207579,
		0.0013397501873549178,
		-0.062944726284158384,
		0.0,
		0.00020698884774008057,
		-0.99983797979568834,
		-0.017999203140521319,
		0.0,
		-0.062958642402525231,
		0.017950465941371098,
		-0.99785469389050763,
		0.0,
		0.016859586703370524,
		0.11091253117396818,
		0.21739799822954231,
		1.0
	],
	"intrinsic" : 
	{
		"height" : 1055,
		"intrinsic_matrix" : 
		[
			913.65680099258282,
			0.0,
			0.0,
			0.0,
			913.65680099258282,
			0.0,
			959.5,
			527.0,
			1.0
		],
		"width" : 1920
	},
	"version_major" : 1,
	"version_minor" : 0
}